{
  "name": "dslink-java-bacnet",
  "version": "0.1.7",
  "description": "A dslink for bacnet",
  "license": "GNU GPL",
  "main": "bin/dslink-java-bacnet",
  "author": {
    "name": "Daniel Shapiro",
    "email": "danielsspam1272@gmail.com"
  },
  "repository": {
    "type": "git",
    "url": "https://github.com/IOT-DSA/dslink-java-bacnet"
  },
  "bugs": {
    "url": "https://github.com/IOT-DSA/dslink-java-bacnet/issues"
  },
  "configs": {
    "broker": {
      "type": "url"
    },
    "nodes": {
      "type": "path",
      "default": "nodes.json"
    },
    "key": {
      "type": "path",
      "default": ".key"
    },
    "log": {
      "type": "enum",
      "default": "info"
    }
  }
}
